{
  "model_name": "Gradient Boosting",
  "timestamp": "2025-12-14T15:23:03.598761",
  "test_accuracy": 0.8457265722988712,
  "train_accuracy": 0.8675627240143369,
  "f1_score": 0.8451906331123574,
  "precision": 0.8452028075161441,
  "recall": 0.8457265722988712,
  "roc_auc": 0.9182096193035904,
  "cv_f1_mean": 0.8438719419737997,
  "cv_f1_std": 0.0035950336730322155,
  "cv_f1_scores": [
    0.8493391020640968,
    0.8432507673330343,
    0.8454936269175548,
    0.8429619393818212,
    0.8383142741724913
  ],
  "overfit_gap": 0.021836151715465713,
  "confusion_matrix": [
    [
      1833,
      480
    ],
    [
      381,
      2887
    ]
  ],
  "per_class_metrics": {
    "healthy": {
      "precision": 0.8279132791327913,
      "recall": 0.7924773022049286,
      "f1": 0.8098078197481776
    },
    "depressed": {
      "precision": 0.8574398574398574,
      "recall": 0.8834149326805385,
      "f1": 0.8702336096458176
    }
  }
}