Model,Test Accuracy,F1-Score,Precision,Recall,ROC-AUC,CV F1-Score,CV Std,Overfit Gap
Gradient Boosting,0.8457265722988712,0.8451906331123574,0.8452028075161441,0.8457265722988712,0.9182096193035904,0.8438719419737997,0.0035950336730322155,0.021836151715465713
Logistic Regression,0.8428597025622648,0.8433657566658428,0.8446192121875947,0.8428597025622648,0.918227743672214,0.8453434262826207,0.002178133972882445,0.0035112651796705974
Support Vector Machine,0.8417846264110375,0.8423015587043292,0.8435905209776561,0.8417846264110375,0.9162650200743919,0.8413298559161276,0.004507309165647895,0.016727918391829966
Random Forest,0.835692528220749,0.836182484144553,0.8372923754363598,0.835692528220749,0.9157984168033271,0.8392060254187956,0.0037279160712583317,0.033707113356311935
K-Nearest Neighbors,0.8161619781401183,0.8146177041877125,0.8155727456217959,0.8161619781401183,0.8853470962115572,0.8173316481683568,0.004411770713896087,0.18383802185988174
Decision Tree,0.7876724601325927,0.7884150873124478,0.7900031818794844,0.7876724601325927,0.8487076266813991,0.7965519556130929,0.003572967886012657,0.10771284452690544
Naive Bayes,0.41497939437376813,0.24497511279992004,0.5621884432615205,0.41497939437376813,0.8479747142567606,0.2460384101907756,0.001029176958618624,0.0007016092104612515
