Model,Accuracy,F1,MCC,Recall_Depressed,Precision_Depressed,Specificity,ROC_AUC,Overfit_Gap
Logistic Regression,0.8455473929403333,0.8699849170437406,0.6802906984113302,0.8824969400244798,0.8578227245687091,0.7933419801124081,0.918514293908995,0.0024364780274086506
Gradient Boosting,0.842501343845189,0.8674408083245363,0.6739615884250202,0.8800489596083231,0.8551888195063931,0.7894509295287505,0.919007951438334,0.014577509201405991
Random Forest,0.8378426805232038,0.8647436855477507,0.6637081795350012,0.8852509179926561,0.8451650598889863,0.7708603545179421,0.9158083389029387,0.044953018401527434
K-Nearest Neighbors,0.8242250492743236,0.8547742413027387,0.6349026846262813,0.8834149326805385,0.8279323200458847,0.7405966277561609,0.8928142037898716,0.1757749507256764
Decision Tree,0.8129367496864361,0.8403669724770643,0.6144916027896608,0.8408812729498164,0.8398533007334963,0.7734543882403805,0.8863711891861283,0.015020239560875726
Naive Bayes,0.41497939437376813,0.00366188587122368,0.006617064618730532,0.0018359853121175031,0.6666666666666666,0.9987029831387808,0.8479747142567606,0.0007016092104612515
